"id","name","birthday"
1,"Cleveland Stook","2017-02-06"
2,"Jaime Devonshire","1981-10-21"
3,"Birch Vanderplas","2003-08-16"
4,"Lenna Kirkbright","1993-09-01"
5,"Riccardo Fugere","2015-05-31"
6,"Alick Challis","1998-11-17"
7,"Royal Chevolleau","1992-12-27"
8,"Wes Birkmyre","2017-08-04"
9,"Neely Ziehm","1988-08-13"
10,"Minnaminnie Melsome","2019-05-22"
11,"Dulcinea Fenner","1989-01-27"
12,"Nate Scare","1982-05-07"
13,"Reginauld Blair","1983-06-03"
14,"Joela Mussared","1994-02-01"
15,"Sharai Wearne","2001-02-18"
16,"Lisbeth Reany","2006-07-15"
17,"Gardiner Normanville","2006-01-06"
18,"James Bordiss","1997-10-09"
19,"Claudia Coston","2016-05-06"
20,"Drucie Heball","1981-08-04"
21,"Ewell Lillistone","1999-02-27"
22,"Clerissa Humphrys","2015-09-04"
23,"Archie Keeting","2013-11-05"
24,"Uriel Moxsom","1997-06-09"
25,"Staford Rimmington","2019-04-15"
26,"Langston Sandever","2005-02-21"
27,"Cynthea Sapsforde","1994-02-18"
28,"Dirk Frye","1991-02-08"
29,"Waylan Philipet","2015-11-28"
30,"Antonetta Seaton","2017-01-27"
31,"Arabelle Meacher","2021-08-08"
32,"Carson Foyston","2021-08-03"
33,"Kippy Richardsson","1993-11-10"
34,"Elvis Ausello","1993-02-23"
35,"Emmit Lancashire","1990-01-03"
36,"Johnny Mahony","1987-04-04"
37,"Jakie Howlin","1984-04-12"
38,"Rois Ilyushkin","2015-06-05"
39,"Fernandina Thurlow","1984-08-17"
40,"Timi Bagnold","1990-08-17"
41,"Milicent Lethem","2019-11-18"
42,"Gilbertina Gittins","2006-01-06"
43,"Cornell Swepson","2001-08-20"
44,"Anthia Pantecost","1998-09-27"
45,"Guglielma Ondracek","2009-01-19"
46,"Jared Leopard","1993-02-20"
47,"Lin Bover","2018-07-03"
48,"Willow Reeme","1987-11-04"
49,"Kaitlynn Ply","2021-11-18"
50,"Clemmy Podbury","2002-08-28"
